{
    "accuracy": 0.7272727272727273,
    "precision": 0.5887445887445888,
    "recall": 0.7272727272727273,
    "f1_score": 0.6507177033492823,
    "classification_report": {
        "-1": {
            "precision": 0.0,
            "recall": 0.0,
            "f1-score": 0.0,
            "support": 5.0
        },
        "1": {
            "precision": 0.7619047619047619,
            "recall": 0.9411764705882353,
            "f1-score": 0.8421052631578947,
            "support": 17.0
        },
        "accuracy": 0.7272727272727273,
        "macro avg": {
            "precision": 0.38095238095238093,
            "recall": 0.47058823529411764,
            "f1-score": 0.42105263157894735,
            "support": 22.0
        },
        "weighted avg": {
            "precision": 0.5887445887445888,
            "recall": 0.7272727272727273,
            "f1-score": 0.6507177033492823,
            "support": 22.0
        }
    },
    "confusion_matrix": [
        [
            0,
            5
        ],
        [
            1,
            16
        ]
    ]
}