{
    "accuracy": 0.9090909090909091,
    "precision": 0.9350649350649352,
    "recall": 0.9090909090909091,
    "f1_score": 0.9138257575757577,
    "classification_report": {
        "-1": {
            "precision": 0.7142857142857143,
            "recall": 1.0,
            "f1-score": 0.8333333333333334,
            "support": 5.0
        },
        "1": {
            "precision": 1.0,
            "recall": 0.8823529411764706,
            "f1-score": 0.9375,
            "support": 17.0
        },
        "accuracy": 0.9090909090909091,
        "macro avg": {
            "precision": 0.8571428571428572,
            "recall": 0.9411764705882353,
            "f1-score": 0.8854166666666667,
            "support": 22.0
        },
        "weighted avg": {
            "precision": 0.9350649350649352,
            "recall": 0.9090909090909091,
            "f1-score": 0.9138257575757577,
            "support": 22.0
        }
    },
    "confusion_matrix": [
        [
            5,
            0
        ],
        [
            2,
            15
        ]
    ]
}