{
    "accuracy": 0.7727272727272727,
    "precision": 0.597107438016529,
    "recall": 0.7727272727272727,
    "f1_score": 0.6736596736596737,
    "classification_report": {
        "0": {
            "precision": 0.7727272727272727,
            "recall": 1.0,
            "f1-score": 0.8717948717948718,
            "support": 17.0
        },
        "3": {
            "precision": 0.0,
            "recall": 0.0,
            "f1-score": 0.0,
            "support": 5.0
        },
        "accuracy": 0.7727272727272727,
        "macro avg": {
            "precision": 0.38636363636363635,
            "recall": 0.5,
            "f1-score": 0.4358974358974359,
            "support": 22.0
        },
        "weighted avg": {
            "precision": 0.597107438016529,
            "recall": 0.7727272727272727,
            "f1-score": 0.6736596736596737,
            "support": 22.0
        }
    },
    "confusion_matrix": [
        [
            17,
            0
        ],
        [
            5,
            0
        ]
    ],
    "roc_auc": 0.5
}